user_id,total_volume,total_pnl,trade_count
1004,105100.719,9033.985399999998,8
1022,78935.73760000001,-17098.662600000003,4
1021,76442.59349999999,76442.59349999999,4
